variant,CAGR,Sharpe,Vol,MaxDD
baseline_final,0.08071798580186118,0.8329428045249454,0.09925848184227397,-0.12344865323072163
no_RSI,0.0931540272865945,0.9389838536532614,0.10037359847280117,-0.1173065087258377
no_volume,0.08052486553905513,0.8293840147225272,0.0994974477063696,-0.12351640028564559
no_RSI_no_volume,0.09160046182530901,0.9236353164380332,0.10051457094887331,-0.11734522380955048
score_risk_adjust,0.04646520755782002,0.617330850174857,0.07869915281032534,-0.14246608969395214
