,L,S,CAGR,Sharpe,Vol,MaxDD,beta_mkt,alpha_ann,R2_CAPM
0,0.5,0.5,0.007960502349104281,0.14636010319452816,0.0719729929061939,-0.15035676062820313,-0.01121216649711906,0.01149572632320317,0.000729082563661998
1,0.7,0.3,0.08071798580186118,0.8329428045249454,0.09925848184227397,-0.12344865323072163,0.3671350946829336,0.03579123303906884,0.4109042337087634
