,alpha_ann,r2,load_Mkt,load_SMB,load_HML
0,0.015964517385504307,0.43625863542548393,0.3704424806317995,-0.10285615365977484,-0.10767127650438034
