,alpha_ann,r2,load_Mkt,load_SMB,load_HML
0,0.015966586956150497,0.4362539116285349,0.37044161526563485,-0.10285423658438439,-0.10767146148822594
